"Name","OperatingSystem","LastLogonDate","Enabled"
"WIN-ISHD8ME3USN","Windows Server 2016 Standard Evaluation","5/26/2025 4:27:40 PM","True"
"AZRWAPPS1000000",,,"True"
"HREWWEBS1000000",,,"True"
"FSRWVIR1000000",,,"True"
"FINWCTRX1000000",,,"True"
"GOOWCTRX1000000",,,"True"
"AWSWAPPS1000000",,,"True"
"AZRWAPPS1000001",,,"True"
"OGCWAPPS1000000",,,"True"
"TSTWLPT1000000",,,"True"
"OGCWWKS1000000",,,"True"
"SECWLPT1000000",,,"True"
"BDEWLPT1000000",,,"True"
"FINWLPT1000000",,,"True"
"FINWVIR1000000",,,"True"
"HREWWKS1000000",,,"True"
"OGCWVIR1000000",,,"True"
"AZRWLPT1000000",,,"True"
"SECWDBAS1000000",,,"True"
"HREWDBAS1000000",,,"True"
"AWSWCTRX1000000",,,"True"
"GOOWDBAS1000000",,,"True"
"BDEWCTRX1000000",,,"True"
"OGCWLPT1000000",,,"True"
"BDEWWKS1000000",,,"True"
"BDEWLPT1000001",,,"True"
"FSRWSECS1000000",,,"True"
"FSRWCTRX1000000",,,"True"
"SECWAPPS1000000",,,"True"
"AZRWCTRX1000000",,,"True"
"SECWSECS1000000",,,"True"
"HREWWKS1000001",,,"True"
"BDEWLPT1000002",,,"True"
"ESMWWKS1000000",,,"True"
"HREWAPPS1000000",,,"True"
"TSTWCTRX1000000",,,"True"
"AWSWSECS1000000",,,"True"
"AZRWWEBS1000000",,,"True"
"FSRWVIR1000001",,,"True"
"ESMWAPPS1000000",,,"True"
"OGCWDBAS1000000",,,"True"
"ITSWLPT1000000",,,"True"
"BDEWWEBS1000000",,,"True"
"SECWLPT1000001",,,"True"
"OGCWVIR1000001",,,"True"
"OGCWWKS1000001",,,"True"
"ESMWSECS1000000",,,"True"
"AWSWAPPS1000001",,,"True"
"ITSWLPT1000001",,,"True"
"GOOWWKS1000000",,,"True"
"AZRWLPT1000001",,,"True"
"FSRWWKS1000000",,,"True"
"AZRWWKS1000000",,,"True"
"FSRWVIR1000002",,,"True"
"ESMWLPT1000000",,,"True"
"OGCWSECS1000000",,,"True"
"ESMWAPPS1000001",,,"True"
"OGCWWKS1000002",,,"True"
"SECWVIR1000000",,,"True"
"ESMWDBAS1000000",,,"True"
"OGCWLPT1000001",,,"True"
"FINWAPPS1000000",,,"True"
"TSTWVIR1000000",,,"True"
"AWSWAPPS1000002",,,"True"
"GOOWAPPS1000000",,,"True"
"GOOWWEBS1000000",,,"True"
"GOOWVIR1000000",,,"True"
"BDEWWKS1000001",,,"True"
"ITSWWKS1000000",,,"True"
"SECWSECS1000001",,,"True"
"SECWWKS1000000",,,"True"
"TSTWAPPS1000000",,,"True"
"AZRWCTRX1000001",,,"True"
"BDEWSECS1000000",,,"True"
"HREWVIR1000000",,,"True"
"OGCWWKS1000003",,,"True"
"ESMWCTRX1000000",,,"True"
"ITSWVIR1000000",,,"True"
"FSRWVIR1000003",,,"True"
"OGCWAPPS1000001",,,"True"
"SECWWEBS1000000",,,"True"
"GOOWVIR1000001",,,"True"
"FINWDBAS1000000",,,"True"
"ESMWDBAS1000001",,,"True"
"FSRWDBAS1000000",,,"True"
"ESMWAPPS1000002",,,"True"
"ESMWLPT1000001",,,"True"
"GOOWLPT1000000",,,"True"
"FSRWDBAS1000001",,,"True"
"TSTWCTRX1000001",,,"True"
"TSTWCTRX1000002",,,"True"
"AWSWWKS1000000",,,"True"
"FSRWLPT1000000",,,"True"
"OGCWAPPS1000002",,,"True"
"GOOWWKS1000001",,,"True"
"AZRWAPPS1000002",,,"True"
"AZRWAPPS1000003",,,"True"
"SECWWKS1000001",,,"True"
"FINWWEBS1000000",,,"True"
"FSRWLPT1000001",,,"True"
"ITSWWKS1000001",,,"True"
"HREWCTRX1000000",,,"True"
"GOOWCTRX1000001",,,"True"
"AZRWAPPS1000004",,,"True"
"FSRWCTRX1000001",,,"True"
"FINWVIR1000001",,,"True"
"OGCWCTRX1000000",,,"True"
"AZRWWKS1000001",,,"True"
"OGCWVIR1000002",,,"True"
"TSTWVIR1000001",,,"True"
"HREWAPPS1000001",,,"True"
"BDEWCTRX1000001",,,"True"
"BDEWDBAS1000000",,,"True"
"ITSWSECS1000000",,,"True"
"AZRWCTRX1000002",,,"True"
"HREWWKS1000002",,,"True"
"AWSWLPT1000000",,,"True"
"OGCWWEBS1000000",,,"True"
"HREWWKS1000003",,,"True"
"AWSWWKS1000001",,,"True"
"HREWDBAS1000001",,,"True"
"ITSWAPPS1000000",,,"True"
"FSRWVIR1000004",,,"True"
"GOOWLPT1000001",,,"True"
"ITSWAPPS1000001",,,"True"
"AWSWAPPS1000003",,,"True"
"FSRWAPPS1000000",,,"True"
"ESMWWKS1000001",,,"True"
"FINWSECS1000000",,,"True"
"FSRWDBAS1000002",,,"True"
"AWSWWKS1000002",,,"True"
"AZRWAPPS1000005",,,"True"
"SECWAPPS1000001",,,"True"
"ESMWWKS1000002",,,"True"
"TSTWLPT1000001",,,"True"
"OGCWDBAS1000001",,,"True"
"BDEWDBAS1000001",,,"True"
"ITSWAPPS1000002",,,"True"
"GOOWCTRX1000002",,,"True"
"ITSWWKS1000002",,,"True"
"FINWWEBS1000001",,,"True"
"TSTWLPT1000002",,,"True"
"AWSWAPPS1000004",,,"True"
"SECWWEBS1000001",,,"True"
"ESMWLPT1000002",,,"True"
"HREWAPPS1000002",,,"True"
"ESMWDBAS1000002",,,"True"
"TSTWWKS1000000",,,"True"
"FINWWEBS1000002",,,"True"
"BDEWVIR1000000",,,"True"
"FINWLPT1000001",,,"True"
"TSTWWKS1000001",,,"True"
"ESMWAPPS1000003",,,"True"
"HREWVIR1000001",,,"True"
"AWSWSECS1000001",,,"True"
"FSRWCTRX1000002",,,"True"
"TSTWWKS1000002",,,"True"
"BDEWVIR1000001",,,"True"
"OGCWVIR1000003",,,"True"
"FSRWWKS1000001",,,"True"
"AZRWVIR1000000",,,"True"
"ESMWVIR1000000",,,"True"
"OGCWLPT1000002",,,"True"
"HREWWKS1000004",,,"True"
"TSTWSECS1000000",,,"True"
"AWSWSECS1000002",,,"True"
"AWSWSECS1000003",,,"True"
"FSRWLPT1000002",,,"True"
"AWSWSECS1000004",,,"True"
"FINWDBAS1000001",,,"True"
"ITSWLPT1000002",,,"True"
"FSRWVIR1000005",,,"True"
"HREWAPPS1000003",,,"True"
"OGCWSECS1000001",,,"True"
"FSRWWKS1000002",,,"True"
"SECWAPPS1000002",,,"True"
"SECWLPT1000002",,,"True"
"ESMWWKS1000003",,,"True"
"HREWWKS1000005",,,"True"
"AWSWWKS1000003",,,"True"
"ESMWWEBS1000000",,,"True"
"TSTWCTRX1000003",,,"True"
"SECWCTRX1000000",,,"True"
"FINWWKS1000000",,,"True"
"HREWWKS1000006",,,"True"
"GOOWSECS1000000",,,"True"
"AZRWDBAS1000000",,,"True"
"FSRWCTRX1000003",,,"True"
"TSTWSECS1000001",,,"True"
"AZRWSECS1000000",,,"True"
"HREWCTRX1000001",,,"True"
"GOOWDBAS1000001",,,"True"
"FSRWLPT1000003",,,"True"
"AZRWSECS1000001",,,"True"
"ITSWVIR1000001",,,"True"
"HREWVIR1000002",,,"True"
"FSRWAPPS1000001",,,"True"
"ITSWLPT1000003",,,"True"
"GOOWCTRX1000003",,,"True"
"FSRWWKS1000003",,,"True"
"AWSWAPPS1000005",,,"True"
"AWSWSECS1000005",,,"True"
"BDEWSECS1000001",,,"True"
"OGCWWKS1000004",,,"True"
"ESMWCTRX1000001",,,"True"
"GOOWWKS1000002",,,"True"
"OGCWSECS1000002",,,"True"
"FSRWVIR1000006",,,"True"
"ESMWWKS1000004",,,"True"
"AWSWCTRX1000001",,,"True"
"ESMWLPT1000003",,,"True"
"AZRWAPPS1000006",,,"True"
"FSRWVIR1000007",,,"True"
"TSTWWKS1000003",,,"True"
"ITSWCTRX1000000",,,"True"
"FINWWKS1000001",,,"True"
"ITSWVIR1000002",,,"True"
"OGCWLPT1000003",,,"True"
"FSRWAPPS1000002",,,"True"
"BDEWLPT1000003",,,"True"
"ESMWLPT1000004",,,"True"
"ITSWDBAS1000000",,,"True"
"SECWAPPS1000003",,,"True"
"AZRWWKS1000002",,,"True"
"OGCWWKS1000005",,,"True"
"SECWVIR1000001",,,"True"
"ITSWWEBS1000000",,,"True"
"ITSWDBAS1000001",,,"True"
"FINWVIR1000002",,,"True"
"FINWAPPS1000001",,,"True"
"HREWWEBS1000001",,,"True"
"SECWDBAS1000001",,,"True"
"ITSWDBAS1000002",,,"True"
"OGCWAPPS1000003",,,"True"
"OGCWWKS1000006",,,"True"
"HREWCTRX1000002",,,"True"
"BDEWDBAS1000002",,,"True"
"FSRWDBAS1000003",,,"True"
"ESMWLPT1000005",,,"True"
"BDEWDBAS1000003",,,"True"
"SECWWKS1000002",,,"True"
"GOOWSECS1000001",,,"True"
"FSRWAPPS1000003",,,"True"
"HREWAPPS1000004",,,"True"
"FINWCTRX1000001",,,"True"
"ESMWLPT1000006",,,"True"
"FSRWWKS1000004",,,"True"
"FINWVIR1000003",,,"True"
"ESMWAPPS1000004",,,"True"
"FSRWAPPS1000004",,,"True"
"SECWLPT1000003",,,"True"
"AWSWWKS1000004",,,"True"
"ITSWWKS1000003",,,"True"
"AZRWLPT1000002",,,"True"
"FSRWAPPS1000005",,,"True"
"TSTWVIR1000002",,,"True"
"GOOWWEBS1000001",,,"True"
"AWSWCTRX1000002",,,"True"
"FINWLPT1000002",,,"True"
"OGCWSECS1000003",,,"True"
"GOOWAPPS1000001",,,"True"
"SECWLPT1000004",,,"True"
"OGCWVIR1000004",,,"True"
"AWSWLPT1000001",,,"True"
"FINWCTRX1000002",,,"True"
"FSRWWEBS1000000",,,"True"
"ITSWWKS1000004",,,"True"
"FSRWLPT1000004",,,"True"
"GOOWLPT1000002",,,"True"
"FINWAPPS1000002",,,"True"
"ITSWSECS1000001",,,"True"
"FINWCTRX1000003",,,"True"
"HREWCTRX1000003",,,"True"
"FSRWWKS1000005",,,"True"
"SECWAPPS1000004",,,"True"
"OGCWSECS1000004",,,"True"
"SECWDBAS1000002",,,"True"
"OGCWDBAS1000002",,,"True"
"FINWVIR1000004",,,"True"
"AWSWSECS1000006",,,"True"
"SECWWKS1000003",,,"True"
"HREWAPPS1000005",,,"True"
"GOOWAPPS1000002",,,"True"
"GOOWCTRX1000004",,,"True"
"AZRWSECS1000002",,,"True"
"ESMWWKS1000005",,,"True"
"AWSWAPPS1000006",,,"True"
"GOOWWEBS1000002",,,"True"
"GOOWAPPS1000003",,,"True"
"HREWVIR1000003",,,"True"
"ITSWWKS1000005",,,"True"
"FSRWWKS1000006",,,"True"
"FINWWKS1000002",,,"True"
"AWSWCTRX1000003",,,"True"
"GOOWAPPS1000004",,,"True"
"GOOWLPT1000003",,,"True"
"ITSWDBAS1000003",,,"True"
"GOOWWKS1000003",,,"True"
"AWSWAPPS1000007",,,"True"
"GOOWAPPS1000005",,,"True"
"TSTWWKS1000004",,,"True"
"SECWWKS1000004",,,"True"
"ITSWAPPS1000003",,,"True"
"FSRWWKS1000007",,,"True"
"GOOWVIR1000002",,,"True"
"AZRWWKS1000003",,,"True"
"FSRWVIR1000008",,,"True"
"SECWVIR1000002",,,"True"
"FINWDBAS1000002",,,"True"
"BDEWLPT1000004",,,"True"
"TSTWWKS1000005",,,"True"
"FSRWVIR1000009",,,"True"
"TSTWLPT1000003",,,"True"
"HREWAPPS1000006",,,"True"
"ITSWWEBS1000001",,,"True"
"AZRWWEBS1000001",,,"True"
"BDEWWEBS1000001",,,"True"
"SECWAPPS1000005",,,"True"
"ITSWLPT1000004",,,"True"
"GOOWWKS1000004",,,"True"
"AZRWWKS1000004",,,"True"
"ESMWAPPS1000005",,,"True"
"FINWCTRX1000004",,,"True"
"GOOWWKS1000005",,,"True"
"SECWWEBS1000002",,,"True"
"GOOWVIR1000003",,,"True"
"BDEWWKS1000002",,,"True"
"TSTWLPT1000004",,,"True"
"BDEWDBAS1000004",,,"True"
"AWSWWKS1000005",,,"True"
"FSRWVIR1000010",,,"True"
"FINWSECS1000001",,,"True"
"TSTWCTRX1000004",,,"True"
"TSTWCTRX1000005",,,"True"
"GOOWLPT1000004",,,"True"
"HREWVIR1000004",,,"True"
"BDEWAPPS1000000",,,"True"
"OGCWWKS1000007",,,"True"
"SECWVIR1000003",,,"True"
"AWSWLPT1000002",,,"True"
"HREWAPPS1000007",,,"True"
"BDEWDBAS1000005",,,"True"
"GOOWDBAS1000002",,,"True"
"OGCWSECS1000005",,,"True"
"HREWAPPS1000008",,,"True"
"SECWWKS1000005",,,"True"
"OGCWVIR1000005",,,"True"
"AZRWLPT1000003",,,"True"
"GOOWAPPS1000006",,,"True"
"OGCWWKS1000008",,,"True"
"SECWSECS1000002",,,"True"
"SECWDBAS1000003",,,"True"
"HREWSECS1000000",,,"True"
"ITSWAPPS1000004",,,"True"
"FSRWVIR1000011",,,"True"
"BDEWLPT1000005",,,"True"
"GOOWAPPS1000007",,,"True"
"OGCWDBAS1000003",,,"True"
"ITSWAPPS1000005",,,"True"
"OGCWAPPS1000004",,,"True"
"FSRWVIR1000012",,,"True"
"FINWLPT1000003",,,"True"
"ITSWCTRX1000001",,,"True"
"FINWLPT1000004",,,"True"
"ITSWVIR1000003",,,"True"
"ITSWAPPS1000006",,,"True"
"SECWSECS1000003",,,"True"
"GOOWAPPS1000008",,,"True"
"GOOWWKS1000006",,,"True"
"OGCWWKS1000009",,,"True"
"FSRWVIR1000013",,,"True"
"OGCWVIR1000006",,,"True"
"GOOWVIR1000004",,,"True"
"BDEWSECS1000002",,,"True"
"OGCWDBAS1000004",,,"True"
"GOOWDBAS1000003",,,"True"
"ITSWLPT1000005",,,"True"
"AWSWCTRX1000004",,,"True"
"FSRWWKS1000008",,,"True"
"GOOWDBAS1000004",,,"True"
"HREWSECS1000001",,,"True"
"SECWVIR1000004",,,"True"
"FINWCTRX1000005",,,"True"
"BDEWWKS1000003",,,"True"
"FSRWSECS1000001",,,"True"
"AWSWWKS1000006",,,"True"
"ITSWWKS1000006",,,"True"
"GOOWVIR1000005",,,"True"
"FSRWVIR1000014",,,"True"
"FSRWVIR1000015",,,"True"
"GOOWVIR1000006",,,"True"
"AZRWVIR1000001",,,"True"
"AZRWAPPS1000007",,,"True"
"OGCWWKS1000010",,,"True"
"BDEWVIR1000002",,,"True"
"SECWLPT1000005",,,"True"
"HREWLPT1000000",,,"True"
"GOOWVIR1000007",,,"True"
"ITSWLPT1000006",,,"True"
"HREWLPT1000001",,,"True"
"AZRWSECS1000003",,,"True"
"GOOWAPPS1000009",,,"True"
"TSTWAPPS1000001",,,"True"
"ESMWLPT1000007",,,"True"
"SECWSECS1000004",,,"True"
"ITSWWKS1000007",,,"True"
"HREWVIR1000005",,,"True"
"FSRWAPPS1000006",,,"True"
"AZRWLPT1000004",,,"True"
"OGCWLPT1000004",,,"True"
"HREWAPPS1000009",,,"True"
"AZRWLPT1000005",,,"True"
"FINWWEBS1000003",,,"True"
"AWSWCTRX1000005",,,"True"
"OGCWLPT1000005",,,"True"
"SECWWKS1000006",,,"True"
"AWSWAPPS1000008",,,"True"
"OGCWLPT1000006",,,"True"
"SECWSECS1000005",,,"True"
"FSRWWKS1000009",,,"True"
"TSTWWEBS1000000",,,"True"
"GOOWWKS1000007",,,"True"
"FSRWSECS1000002",,,"True"
"FSRWAPPS1000007",,,"True"
"SECWVIR1000005",,,"True"
"GOOWDBAS1000005",,,"True"
"AWSWVIR1000000",,,"True"
"SECWAPPS1000006",,,"True"
"HREWVIR1000006",,,"True"
"HREWCTRX1000004",,,"True"
"OGCWVIR1000007",,,"True"
"HREWWKS1000007",,,"True"
"OGCWSECS1000006",,,"True"
"FINWDBAS1000003",,,"True"
"GOOWAPPS1000010",,,"True"
"OGCWWKS1000011",,,"True"
"BDEWLPT1000006",,,"True"
"SECWWKS1000007",,,"True"
"HREWWEBS1000002",,,"True"
"ESMWDBAS1000003",,,"True"
"AWSWWKS1000007",,,"True"
"SECWLPT1000006",,,"True"
"ESMWWEBS1000001",,,"True"
"ITSWCTRX1000002",,,"True"
"GOOWAPPS1000011",,,"True"
"ITSWWKS1000008",,,"True"
"TSTWCTRX1000006",,,"True"
"SECWLPT1000007",,,"True"
"TSTWDBAS1000000",,,"True"
"FSRWVIR1000016",,,"True"
"AZRWWEBS1000002",,,"True"
"SECWVIR1000006",,,"True"
"FINWCTRX1000006",,,"True"
"ESMWLPT1000008",,,"True"
"SECWDBAS1000004",,,"True"
"ESMWVIR1000001",,,"True"
"BDEWLPT1000007",,,"True"
"GOOWDBAS1000006",,,"True"
"ESMWDBAS1000004",,,"True"
"FINWSECS1000002",,,"True"
"HREWAPPS1000010",,,"True"
"ESMWAPPS1000006",,,"True"
"SECWDBAS1000005",,,"True"
"OGCWDBAS1000005",,,"True"
"ITSWAPPS1000007",,,"True"
"BDEWWEBS1000002",,,"True"
"BDEWLPT1000008",,,"True"
"TSTWWKS1000006",,,"True"
"ITSWWKS1000009",,,"True"
"FINWWKS1000003",,,"True"
"FINWCTRX1000007",,,"True"
"ESMWDBAS1000005",,,"True"
"ESMWLPT1000009",,,"True"
"GOOWWKS1000008",,,"True"
"OGCWVIR1000008",,,"True"
"SECWDBAS1000006",,,"True"
"AWSWWEBS1000000",,,"True"
"FINWVIR1000005",,,"True"
"ITSWWKS1000010",,,"True"
"OGCWAPPS1000005",,,"True"
"HREWVIR1000007",,,"True"
"SECWWKS1000008",,,"True"
"HREWAPPS1000011",,,"True"
"ITSWLPT1000007",,,"True"
"GOOWCTRX1000005",,,"True"
"HREWVIR1000008",,,"True"
"BDEWLPT1000009",,,"True"
"AWSWWKS1000008",,,"True"
"AWSWAPPS1000009",,,"True"
"FSRWAPPS1000008",,,"True"
"ESMWWKS1000006",,,"True"
"SECWWEBS1000003",,,"True"
"FINWWKS1000004",,,"True"
"FSRWWKS1000010",,,"True"
"TSTWAPPS1000002",,,"True"
"FSRWDBAS1000004",,,"True"
"TSTWVIR1000003",,,"True"
"ESMWVIR1000002",,,"True"
"BDEWAPPS1000001",,,"True"
"BDEWAPPS1000002",,,"True"
"FINWWKS1000005",,,"True"
"HREWCTRX1000005",,,"True"
"ESMWCTRX1000002",,,"True"
"ESMWWEBS1000002",,,"True"
"ESMWCTRX1000003",,,"True"
"SECWVIR1000007",,,"True"
"AZRWWKS1000005",,,"True"
"SECWSECS1000006",,,"True"
"ITSWVIR1000004",,,"True"
"HREWSECS1000002",,,"True"
"GOOWWKS1000009",,,"True"
"HREWSECS1000003",,,"True"
"ITSWLPT1000008",,,"True"
"GOOWLPT1000005",,,"True"
"TSTWWKS1000007",,,"True"
"OGCWVIR1000009",,,"True"
"ESMWWKS1000007",,,"True"
"ITSWCTRX1000003",,,"True"
"TSTWDBAS1000001",,,"True"
"SECWAPPS1000007",,,"True"
"FSRWWEBS1000001",,,"True"
"ITSWCTRX1000004",,,"True"
"AWSWVIR1000001",,,"True"
"TSTWWEBS1000001",,,"True"
"ESMWWKS1000008",,,"True"
"FSRWWEBS1000002",,,"True"
"OGCWWEBS1000001",,,"True"
"ITSWDBAS1000004",,,"True"
"BDEWWEBS1000003",,,"True"
"ESMWCTRX1000004",,,"True"
"GOOWDBAS1000007",,,"True"
"OGCWWKS1000012",,,"True"
"AZRWLPT1000006",,,"True"
"ITSWVIR1000005",,,"True"
"TSTWWEBS1000002",,,"True"
"FSRWWEBS1000003",,,"True"
"FINWVIR1000006",,,"True"
"FINWSECS1000003",,,"True"
"ITSWWKS1000011",,,"True"
"OGCWCTRX1000001",,,"True"
"FSRWWKS1000011",,,"True"
"BDEWWEBS1000004",,,"True"
"OGCWLPT1000007",,,"True"
"GOOWSECS1000002",,,"True"
"AWSWSECS1000007",,,"True"
"AWSWVIR1000002",,,"True"
"BDEWVIR1000003",,,"True"
"GOOWVIR1000008",,,"True"
"HREWSECS1000004",,,"True"
"AWSWSECS1000008",,,"True"
"ITSWVIR1000006",,,"True"
"BDEWSECS1000003",,,"True"
"TSTWSECS1000002",,,"True"
"AZRWAPPS1000008",,,"True"
"GOOWAPPS1000012",,,"True"
"HREWLPT1000002",,,"True"
"ITSWSECS1000002",,,"True"
"OGCWAPPS1000006",,,"True"
"FSRWVIR1000017",,,"True"
"HREWCTRX1000006",,,"True"
"GOOWCTRX1000006",,,"True"
"AZRWAPPS1000009",,,"True"
"OGCWCTRX1000002",,,"True"
"OGCWAPPS1000007",,,"True"
"TSTWVIR1000004",,,"True"
"AWSWAPPS1000010",,,"True"
"AWSWLPT1000003",,,"True"
"HREWLPT1000003",,,"True"
"AZRWVIR1000002",,,"True"
"AZRWAPPS1000010",,,"True"
"GOOWWEBS1000003",,,"True"
"AZRWAPPS1000011",,,"True"
"HREWAPPS1000012",,,"True"
"BDEWWKS1000004",,,"True"
"FSRWWEBS1000004",,,"True"
"HREWVIR1000009",,,"True"
"ESMWWEBS1000003",,,"True"
"OGCWWEBS1000002",,,"True"
"AWSWDBAS1000000",,,"True"
"OGCWLPT1000008",,,"True"
"BDEWWKS1000005",,,"True"
"BDEWAPPS1000003",,,"True"
"ESMWLPT1000010",,,"True"
"GOOWAPPS1000013",,,"True"
"GOOWWKS1000010",,,"True"
"AWSWAPPS1000011",,,"True"
"SECWWKS1000009",,,"True"
"GOOWWKS1000011",,,"True"
"TSTWLPT1000005",,,"True"
"OGCWWKS1000013",,,"True"
"AWSWWKS1000009",,,"True"
"ITSWDBAS1000005",,,"True"
"ITSWAPPS1000008",,,"True"
"ESMWDBAS1000006",,,"True"
"SECWWKS1000010",,,"True"
"BDEWWEBS1000005",,,"True"
"FINWSECS1000004",,,"True"
"HREWWKS1000008",,,"True"
"HREWSECS1000005",,,"True"
"HREWLPT1000004",,,"True"
"GOOWLPT1000006",,,"True"
"HREWDBAS1000002",,,"True"
"HREWAPPS1000013",,,"True"
"BDEWSECS1000004",,,"True"
"TSTWLPT1000006",,,"True"
"AWSWWEBS1000001",,,"True"
"SECWWKS1000011",,,"True"
"SECWWKS1000012",,,"True"
"GOOWWEBS1000004",,,"True"
"GOOWWKS1000012",,,"True"
"OGCWWKS1000014",,,"True"
"AWSWWKS1000010",,,"True"
"GOOWWKS1000013",,,"True"
"ITSWWKS1000012",,,"True"
"OGCWLPT1000009",,,"True"
"AZRWLPT1000007",,,"True"
"FINWCTRX1000008",,,"True"
"TSTWCTRX1000007",,,"True"
"AWSWAPPS1000012",,,"True"
"ESMWWKS1000009",,,"True"
"TSTWLPT1000007",,,"True"
"TSTWWKS1000008",,,"True"
"GOOWWKS1000014",,,"True"
"ITSWWKS1000013",,,"True"
"ITSWDBAS1000006",,,"True"
"FSRWAPPS1000009",,,"True"
"TSTWVIR1000005",,,"True"
"HREWSECS1000006",,,"True"
"FSRWDBAS1000005",,,"True"
"FSRWVIR1000018",,,"True"
"TSTWWEBS1000003",,,"True"
"TSTWWKS1000009",,,"True"
"TSTWWKS1000010",,,"True"
"AWSWDBAS1000001",,,"True"
"SECWWKS1000013",,,"True"
"FINWDBAS1000004",,,"True"
"FINWWKS1000006",,,"True"
"BDEWLPT1000010",,,"True"
"SECWAPPS1000008",,,"True"
"AWSWCTRX1000006",,,"True"
"BDEWAPPS1000004",,,"True"
"TSTWSECS1000003",,,"True"
"OGCWAPPS1000008",,,"True"
"ITSWSECS1000003",,,"True"
"OGCWDBAS1000006",,,"True"
"FSRWDBAS1000006",,,"True"
"TSTWLPT1000008",,,"True"
"OGCWWKS1000015",,,"True"
"GOOWLPT1000007",,,"True"
"FINWLPT1000005",,,"True"
"GOOWCTRX1000007",,,"True"
"HREWVIR1000010",,,"True"
"SECWWEBS1000004",,,"True"
"TSTWWEBS1000004",,,"True"
"SECWVIR1000008",,,"True"
"OGCWVIR1000010",,,"True"
"FINWVIR1000007",,,"True"
"AZRWCTRX1000003",,,"True"
"SECWLPT1000008",,,"True"
"FSRWDBAS1000007",,,"True"
"ESMWWKS1000010",,,"True"
"SECWWKS1000014",,,"True"
"FSRWVIR1000019",,,"True"
"OGCWVIR1000011",,,"True"
"AWSWLPT1000004",,,"True"
"FSRWDBAS1000008",,,"True"
"AZRWAPPS1000012",,,"True"
"ESMWWKS1000011",,,"True"
"ESMWVIR1000003",,,"True"
"OGCWDBAS1000007",,,"True"
"OGCWWKS1000016",,,"True"
"HREWLPT1000005",,,"True"
"FINWWKS1000007",,,"True"
"ESMWWKS1000012",,,"True"
"TSTWVIR1000006",,,"True"
"SECWVIR1000009",,,"True"
"TSTWSECS1000004",,,"True"
"FSRWVIR1000020",,,"True"
"GOOWWKS1000015",,,"True"
"OGCWVIR1000012",,,"True"
"ITSWVIR1000007",,,"True"
"TSTWVIR1000007",,,"True"
"ITSWWKS1000014",,,"True"
"TSTWLPT1000009",,,"True"
"HREWLPT1000006",,,"True"
"ESMWWKS1000013",,,"True"
"OGCWWKS1000017",,,"True"
"AWSWAPPS1000013",,,"True"
"AZRWDBAS1000001",,,"True"
"BDEWCTRX1000002",,,"True"
"TSTWWKS1000011",,,"True"
"HREWAPPS1000014",,,"True"
"ITSWCTRX1000005",,,"True"
"TSTWWKS1000012",,,"True"
"AWSWWEBS1000002",,,"True"
"SECWWKS1000015",,,"True"
"TSTWAPPS1000003",,,"True"
"AZRWVIR1000003",,,"True"
"ESMWAPPS1000007",,,"True"
"OGCWDBAS1000008",,,"True"
"AZRWWKS1000006",,,"True"
"FINWWKS1000008",,,"True"
"SECWAPPS1000009",,,"True"
"ITSWLPT1000009",,,"True"
"TSTWVIR1000008",,,"True"
"GOOWAPPS1000014",,,"True"
"HREWWEBS1000003",,,"True"
"TSTWVIR1000009",,,"True"
"TSTWSECS1000005",,,"True"
"OGCWCTRX1000003",,,"True"
"BDEWDBAS1000006",,,"True"
"SECWCTRX1000001",,,"True"
"FSRWWKS1000012",,,"True"
"GOOWLPT1000008",,,"True"
"AWSWWKS1000011",,,"True"
"FSRWVIR1000021",,,"True"
"BDEWLPT1000011",,,"True"
"TSTWVIR1000010",,,"True"
"FINWAPPS1000003",,,"True"
"BDEWWKS1000006",,,"True"
"AZRWAPPS1000013",,,"True"
"SECWLPT1000009",,,"True"
"SECWAPPS1000010",,,"True"
"GOOWSECS1000003",,,"True"
"SECWWKS1000016",,,"True"
"HREWVIR1000011",,,"True"
"ESMWAPPS1000008",,,"True"
"AZRWWKS1000007",,,"True"
"BDEWLPT1000012",,,"True"
"OGCWLPT1000010",,,"True"
"BDEWVIR1000004",,,"True"
"HREWAPPS1000015",,,"True"
"OGCWDBAS1000009",,,"True"
"TSTWAPPS1000004",,,"True"
"AZRWCTRX1000004",,,"True"
"FSRWAPPS1000010",,,"True"
"FINWLPT1000006",,,"True"
"ITSWCTRX1000006",,,"True"
"HREWAPPS1000016",,,"True"
"TSTWLPT1000010",,,"True"
"ESMWWEBS1000004",,,"True"
"FSRWAPPS1000011",,,"True"
"BDEWWKS1000007",,,"True"
"ITSWSECS1000004",,,"True"
"FINWCTRX1000009",,,"True"
"AWSWWKS1000012",,,"True"
"FSRWVIR1000022",,,"True"
"AZRWAPPS1000014",,,"True"
"OGCWLPT1000011",,,"True"
"GOOWDBAS1000008",,,"True"
"BDEWLPT1000013",,,"True"
"GOOWSECS1000004",,,"True"
"BDEWAPPS1000005",,,"True"
"OGCWVIR1000013",,,"True"
"GOOWWKS1000016",,,"True"
"OGCWVIR1000014",,,"True"
"TSTWSECS1000006",,,"True"
"FINWWKS1000009",,,"True"
"ESMWAPPS1000009",,,"True"
"ITSWVIR1000008",,,"True"
"BDEWAPPS1000006",,,"True"
"ESMWAPPS1000010",,,"True"
"FINWAPPS1000004",,,"True"
"TSTWWEBS1000005",,,"True"
"AWSWWKS1000013",,,"True"
"ESMWVIR1000004",,,"True"
"FINWWKS1000010",,,"True"
"FINWLPT1000007",,,"True"
"ITSWWKS1000015",,,"True"
"FSRWAPPS1000012",,,"True"
"ESMWWEBS1000005",,,"True"
"AZRWAPPS1000015",,,"True"
"AWSWVIR1000003",,,"True"
"FINWLPT1000008",,,"True"
"ESMWWKS1000014",,,"True"
"BDEWAPPS1000007",,,"True"
"FINWWEBS1000004",,,"True"
"FSRWSECS1000003",,,"True"
"FINWLPT1000009",,,"True"
"HREWCTRX1000007",,,"True"
"FINWCTRX1000010",,,"True"
"OGCWVIR1000015",,,"True"
"ITSWAPPS1000009",,,"True"
"OGCWVIR1000016",,,"True"
"SECWAPPS1000011",,,"True"
"AWSWAPPS1000014",,,"True"
"BDEWCTRX1000003",,,"True"
"BDEWLPT1000014",,,"True"
"ESMWVIR1000005",,,"True"
"GOOWVIR1000009",,,"True"
"OGCWWKS1000018",,,"True"
"OGCWVIR1000017",,,"True"
"FSRWAPPS1000013",,,"True"
"AZRWCTRX1000005",,,"True"
"AWSWWKS1000014",,,"True"
"BDEWVIR1000005",,,"True"
"AZRWVIR1000004",,,"True"
"BDEWSECS1000005",,,"True"
"FINWLPT1000010",,,"True"
"ESMWWKS1000015",,,"True"
"AWSWVIR1000004",,,"True"
"BDEWCTRX1000004",,,"True"
"BDEWSECS1000006",,,"True"
"FSRWAPPS1000014",,,"True"
"FINWLPT1000011",,,"True"
"FSRWVIR1000023",,,"True"
"AZRWCTRX1000006",,,"True"
"AWSWWKS1000015",,,"True"
"GOOWWKS1000017",,,"True"
"FINWVIR1000008",,,"True"
"TSTWDBAS1000002",,,"True"
"SECWLPT1000010",,,"True"
"BDEWWKS1000008",,,"True"
"FINWWKS1000011",,,"True"
"ESMWLPT1000011",,,"True"
"AWSWDBAS1000002",,,"True"
"SECWCTRX1000002",,,"True"
"AWSWLPT1000005",,,"True"
"GOOWAPPS1000015",,,"True"
"FINWVIR1000009",,,"True"
"ESMWWKS1000016",,,"True"
"FINWCTRX1000011",,,"True"
"BDEWDBAS1000007",,,"True"
"HREWVIR1000012",,,"True"
"ITSWAPPS1000010",,,"True"
"GOOWLPT1000009",,,"True"
"HREWSECS1000007",,,"True"
"AWSWSECS1000009",,,"True"
"AZRWCTRX1000007",,,"True"
"HREWVIR1000013",,,"True"
"GOOWAPPS1000016",,,"True"
"FINWCTRX1000012",,,"True"
"AWSWWEBS1000003",,,"True"
"GOOWWKS1000018",,,"True"
"AWSWDBAS1000003",,,"True"
"FINWVIR1000010",,,"True"
"BDEWAPPS1000008",,,"True"
"AZRWWKS1000008",,,"True"
"BDEWWEBS1000006",,,"True"
"GOOWWKS1000019",,,"True"
"FINWAPPS1000005",,,"True"
"HREWSECS1000008",,,"True"
"FSRWLPT1000005",,,"True"
"ITSWDBAS1000007",,,"True"
"TSTWAPPS1000005",,,"True"
"OGCWSECS1000007",,,"True"
"TSTWCTRX1000008",,,"True"
"AWSWCTRX1000007",,,"True"
"ESMWAPPS1000011",,,"True"
"ESMWWKS1000017",,,"True"
"AZRWAPPS1000016",,,"True"
"HREWLPT1000007",,,"True"
"ITSWCTRX1000007",,,"True"
"FSRWCTRX1000004",,,"True"
"GOOWLPT1000010",,,"True"
"SECWWEBS1000005",,,"True"
"GOOWVIR1000010",,,"True"
"ESMWAPPS1000012",,,"True"
"BDEWLPT1000015",,,"True"
"AWSWWKS1000016",,,"True"
"SECWWKS1000017",,,"True"
"FINWWKS1000012",,,"True"
"OGCWVIR1000018",,,"True"
"ITSWCTRX1000008",,,"True"
"AZRWVIR1000005",,,"True"
"FINWDBAS1000005",,,"True"
"AZRWWKS1000009",,,"True"
"FSRWWEBS1000005",,,"True"
"SECWVIR1000010",,,"True"
"FINWLPT1000012",,,"True"
"FINWDBAS1000006",,,"True"
"SECWAPPS1000012",,,"True"
"AZRWLPT1000008",,,"True"
"ESMWAPPS1000013",,,"True"
"FSRWAPPS1000015",,,"True"
"FSRWCTRX1000005",,,"True"
"BDEWAPPS1000009",,,"True"
"SECWLPT1000011",,,"True"
"FINWAPPS1000006",,,"True"
"FSRWWEBS1000006",,,"True"
"AWSWAPPS1000015",,,"True"
"AZRWCTRX1000008",,,"True"
"SECWCTRX1000003",,,"True"
"GOOWSECS1000005",,,"True"
"AWSWWKS1000017",,,"True"
"SECWSECS1000007",,,"True"
"HREWCTRX1000008",,,"True"
"AZRWVIR1000006",,,"True"
"GOOWWEBS1000005",,,"True"
"FSRWLPT1000006",,,"True"
"AZRWVIR1000007",,,"True"
"SECWAPPS1000013",,,"True"
"BDEWVIR1000006",,,"True"
"GOOWWKS1000020",,,"True"
"OGCWSECS1000008",,,"True"
"ITSWCTRX1000009",,,"True"
"HREWSECS1000009",,,"True"
"ITSWAPPS1000011",,,"True"
"OGCWWEBS1000003",,,"True"
"HREWCTRX1000009",,,"True"
"FSRWAPPS1000016",,,"True"
"OGCWSECS1000009",,,"True"
"BDEWSECS1000007",,,"True"
"FINWDBAS1000007",,,"True"
"AZRWVIR1000008",,,"True"
"SECWDBAS1000007",,,"True"
"TSTWWKS1000013",,,"True"
"TSTWCTRX1000009",,,"True"
"GOOWVIR1000011",,,"True"
"OGCWSECS1000010",,,"True"
"AZRWVIR1000009",,,"True"
"FSRWWKS1000013",,,"True"
"AWSWSECS1000010",,,"True"
"ESMWCTRX1000005",,,"True"
"GOOWVIR1000012",,,"True"
"TSTWCTRX1000010",,,"True"
"AZRWSECS1000004",,,"True"
"HREWAPPS1000017",,,"True"
"FINWLPT1000013",,,"True"
"AZRWLPT1000009",,,"True"
"AZRWAPPS1000017",,,"True"
"SECWWEBS1000006",,,"True"
"FINWVIR1000011",,,"True"
"ITSWVIR1000009",,,"True"
"ESMWDBAS1000007",,,"True"
"BDEWVIR1000007",,,"True"
"ESMWAPPS1000014",,,"True"
"AZRWLPT1000010",,,"True"
"GOOWLPT1000011",,,"True"
"ESMWWKS1000018",,,"True"
"FSRWLPT1000007",,,"True"
"ESMWVIR1000006",,,"True"
"AZRWWKS1000010",,,"True"
"TSTWVIR1000011",,,"True"
"FINWWKS1000013",,,"True"
"BDEWAPPS1000010",,,"True"
"AZRWSECS1000005",,,"True"
"SECWWEBS1000007",,,"True"
"SECWVIR1000011",,,"True"
"ESMWSECS1000001",,,"True"
"FSRWWKS1000014",,,"True"
"BDEWDBAS1000008",,,"True"
"FSRWLPT1000008",,,"True"
"BDEWLPT1000016",,,"True"
"OGCWAPPS1000009",,,"True"
"FINWVIR1000012",,,"True"
"AWSWVIR1000005",,,"True"
"AZRWSECS1000006",,,"True"
"HREWVIR1000014",,,"True"
"SECWVIR1000012",,,"True"
"HREWLPT1000008",,,"True"
"FSRWWKS1000015",,,"True"
"FSRWCTRX1000006",,,"True"
"ITSWWEBS1000002",,,"True"
"OGCWAPPS1000010",,,"True"
"ITSWAPPS1000012",,,"True"
"ITSWLPT1000010",,,"True"
"AWSWVIR1000006",,,"True"
"FINWAPPS1000007",,,"True"
"AZRWVIR1000010",,,"True"
"ESMWAPPS1000015",,,"True"
"BDEWWEBS1000007",,,"True"
"ESMWLPT1000012",,,"True"
"ITSWVIR1000010",,,"True"
"BDEWDBAS1000009",,,"True"
"AZRWDBAS1000002",,,"True"
"TSTWWKS1000014",,,"True"
"FSRWDBAS1000009",,,"True"
"FINWAPPS1000008",,,"True"
"TSTWWKS1000015",,,"True"
"AZRWVIR1000011",,,"True"
"AZRWDBAS1000003",,,"True"
"SECWVIR1000013",,,"True"
"AWSWVIR1000007",,,"True"
"FINWVIR1000013",,,"True"
"FSRWWKS1000016",,,"True"
"OGCWVIR1000019",,,"True"
"BDEWWKS1000009",,,"True"
"AWSWLPT1000006",,,"True"
"FSRWWEBS1000007",,,"True"
"AWSWLPT1000007",,,"True"
"OGCWDBAS1000010",,,"True"
"OGCWDBAS1000011",,,"True"
"OGCWWKS1000019",,,"True"
"FSRWLPT1000009",,,"True"
"HREWLPT1000009",,,"True"
"BDEWAPPS1000011",,,"True"
"FINWAPPS1000009",,,"True"
"ESMWLPT1000013",,,"True"
"HREWLPT1000010",,,"True"
"HREWVIR1000015",,,"True"
"OGCWSECS1000011",,,"True"
"SECWWKS1000018",,,"True"
"AWSWAPPS1000016",,,"True"
"GOOWVIR1000013",,,"True"
"FINWLPT1000014",,,"True"
"HREWWEBS1000004",,,"True"
"FINWVIR1000014",,,"True"
"FINWLPT1000015",,,"True"
"BDEWWEBS1000008",,,"True"
"FSRWVIR1000024",,,"True"
"HREWWKS1000009",,,"True"
"FSRWVIR1000025",,,"True"
"HREWWEBS1000005",,,"True"
"BDEWWKS1000010",,,"True"
"SECWLPT1000012",,,"True"
"BDEWWKS1000011",,,"True"
"FSRWAPPS1000017",,,"True"
"TSTWLPT1000011",,,"True"
"HREWWEBS1000006",,,"True"
"AWSWLPT1000008",,,"True"
"AWSWWEBS1000004",,,"True"
"FINWVIR1000015",,,"True"
"GOOWLPT1000012",,,"True"
"SECWWEBS1000008",,,"True"
"ITSWDBAS1000008",,,"True"
"GOOWSECS1000006",,,"True"
"AWSWAPPS1000017",,,"True"
"HREWWKS1000010",,,"True"
"GOOWAPPS1000017",,,"True"
"HREWVIR1000016",,,"True"
"TSTWLPT1000012",,,"True"
"AWSWLPT1000009",,,"True"
"TSTWWKS1000016",,,"True"
"OGCWAPPS1000011",,,"True"
"AWSWSECS1000011",,,"True"
"GOOWSECS1000007",,,"True"
"ITSWAPPS1000013",,,"True"
"BDEWSECS1000008",,,"True"
"BDEWLPT1000017",,,"True"
"OGCWCTRX1000004",,,"True"
"FSRWAPPS1000018",,,"True"
"TSTWWEBS1000006",,,"True"
"ITSWWEBS1000003",,,"True"
"SECWLPT1000013",,,"True"
"ESMWWEBS1000006",,,"True"
"FSRWDBAS1000010",,,"True"
"FINWSECS1000005",,,"True"
"FINWCTRX1000013",,,"True"
"AZRWLPT1000011",,,"True"
"BDEWWKS1000012",,,"True"
"TSTWDBAS1000003",,,"True"
"FSRWLPT1000010",,,"True"
"ESMWLPT1000014",,,"True"
"ESMWDBAS1000008",,,"True"
"GOOWWKS1000021",,,"True"
"FINWVIR1000016",,,"True"
"ESMWSECS1000002",,,"True"
"OGCWWEBS1000004",,,"True"
"AWSWDBAS1000004",,,"True"
"TSTWVIR1000012",,,"True"
"AZRWAPPS1000018",,,"True"
"FINWWKS1000014",,,"True"
"AZRWVIR1000012",,,"True"
"TSTWCTRX1000011",,,"True"
"AZRWAPPS1000019",,,"True"
"FSRWWEBS1000008",,,"True"
"AWSWVIR1000008",,,"True"
"SECWWKS1000019",,,"True"
"FSRWWKS1000017",,,"True"
"HREWSECS1000010",,,"True"
"AZRWVIR1000013",,,"True"
"AWSWAPPS1000018",,,"True"
"GOOWAPPS1000018",,,"True"
"BDEWLPT1000018",,,"True"
"GOOWVIR1000014",,,"True"
"TSTWVIR1000013",,,"True"
"AZRWDBAS1000004",,,"True"
"AWSWVIR1000009",,,"True"
"OGCWWEBS1000005",,,"True"
"FINWLPT1000016",,,"True"
"AZRWAPPS1000020",,,"True"
"FSRWWKS1000018",,,"True"
"FINWCTRX1000014",,,"True"
"AZRWVIR1000014",,,"True"
"ESMWVIR1000007",,,"True"
"SECWAPPS1000014",,,"True"
"OGCWVIR1000020",,,"True"
"HREWDBAS1000003",,,"True"
"AWSWVIR1000010",,,"True"
"FSRWVIR1000026",,,"True"
"HREWSECS1000011",,,"True"
"FINWLPT1000017",,,"True"
"ESMWWKS1000019",,,"True"
"SECWAPPS1000015",,,"True"
"ESMWVIR1000008",,,"True"
"ESMWWKS1000020",,,"True"
"SECWWEBS1000009",,,"True"
"FSRWLPT1000011",,,"True"
"AWSWDBAS1000005",,,"True"
"GOOWAPPS1000019",,,"True"
"FINWAPPS1000010",,,"True"
"BDEWAPPS1000012",,,"True"
"HREWAPPS1000018",,,"True"
"OGCWAPPS1000012",,,"True"
"FINWCTRX1000015",,,"True"
"AWSWLPT1000010",,,"True"
"FINWSECS1000006",,,"True"
"OGCWAPPS1000013",,,"True"
"AZRWSECS1000007",,,"True"
"GOOWWKS1000022",,,"True"
"OGCWAPPS1000014",,,"True"
"HREWAPPS1000019",,,"True"
"OGCWWKS1000020",,,"True"
"HREWCTRX1000010",,,"True"
"AZRWSECS1000008",,,"True"
"OGCWVIR1000021",,,"True"
"ESMWCTRX1000006",,,"True"
"AZRWAPPS1000021",,,"True"
"GOOWAPPS1000020",,,"True"
"ESMWAPPS1000016",,,"True"
"AZRWSECS1000009",,,"True"
"ITSWAPPS1000014",,,"True"
"HREWVIR1000017",,,"True"
"ITSWCTRX1000010",,,"True"
"OGCWAPPS1000015",,,"True"
"HREWDBAS1000004",,,"True"
"BDEWAPPS1000013",,,"True"
"HREWLPT1000011",,,"True"
"ESMWVIR1000009",,,"True"
"ESMWVIR1000010",,,"True"
"AWSWVIR1000011",,,"True"
"ITSWVIR1000011",,,"True"
"ESMWLPT1000015",,,"True"
"ESMWDBAS1000009",,,"True"
"OGCWCTRX1000005",,,"True"
"AWSWVIR1000012",,,"True"
"GOOWVIR1000015",,,"True"
"OGCWWKS1000021",,,"True"
"HREWAPPS1000020",,,"True"
"GOOWSECS1000008",,,"True"
"OGCWAPPS1000016",,,"True"
"FSRWDBAS1000011",,,"True"
"ESMWAPPS1000017",,,"True"
"TSTWLPT1000013",,,"True"
"HREWLPT1000012",,,"True"
"OGCWSECS1000012",,,"True"
"BDEWWKS1000013",,,"True"
"GOOWWKS1000023",,,"True"
"OGCWCTRX1000006",,,"True"
"FINWAPPS1000011",,,"True"
"AWSWVIR1000013",,,"True"
"OGCWWKS1000022",,,"True"
"ESMWSECS1000003",,,"True"
"ESMWWKS1000021",,,"True"
"ESMWLPT1000016",,,"True"
"OGCWVIR1000022",,,"True"
"GOOWSECS1000009",,,"True"
"AZRWSECS1000010",,,"True"
"AWSWSECS1000012",,,"True"
"ESMWDBAS1000010",,,"True"
"AZRWWEBS1000003",,,"True"
"OGCWLPT1000012",,,"True"
"AWSWAPPS1000019",,,"True"
"ITSWLPT1000011",,,"True"
"AZRWWEBS1000004",,,"True"
"FSRWCTRX1000007",,,"True"
"AZRWLPT1000012",,,"True"
"ESMWWEBS1000007",,,"True"
"FINWAPPS1000012",,,"True"
"HREWWKS1000011",,,"True"
"SECWLPT1000014",,,"True"
"GOOWVIR1000016",,,"True"
"FSRWAPPS1000019",,,"True"
"ESMWCTRX1000007",,,"True"
"HREWWKS1000012",,,"True"
"ESMWWEBS1000008",,,"True"
"FINWLPT1000018",,,"True"
"GOOWAPPS1000021",,,"True"
"FSRWAPPS1000020",,,"True"
"ITSWVIR1000012",,,"True"
"TSTWWKS1000017",,,"True"
"TSTWWKS1000018",,,"True"
"AWSWCTRX1000008",,,"True"
"SECWAPPS1000016",,,"True"
"FSRWVIR1000027",,,"True"
"OGCWWKS1000023",,,"True"
"AZRWSECS1000011",,,"True"
"HREWVIR1000018",,,"True"
"BDEWDBAS1000010",,,"True"
"HREWWKS1000013",,,"True"
"FSRWSECS1000004",,,"True"
"ESMWAPPS1000018",,,"True"
"FINWCTRX1000016",,,"True"
"ITSWLPT1000012",,,"True"
"GOOWAPPS1000022",,,"True"
"TSTWDBAS1000004",,,"True"
"GOOWVIR1000017",,,"True"
"ITSWCTRX1000011",,,"True"
"ITSWWEBS1000004",,,"True"
"FINWAPPS1000013",,,"True"
"HREWAPPS1000021",,,"True"
"FINWLPT1000019",,,"True"
"SECWLPT1000015",,,"True"
"SECWDBAS1000008",,,"True"
"GOOWVIR1000018",,,"True"
"AWSWLPT1000011",,,"True"
"ITSWWEBS1000005",,,"True"
"AZRWAPPS1000022",,,"True"
"GOOWSECS1000010",,,"True"
"TSTWLPT1000014",,,"True"
"TSTWDBAS1000005",,,"True"
"ESMWLPT1000017",,,"True"
"HREWAPPS1000022",,,"True"
"AWSWVIR1000014",,,"True"
"OGCWDBAS1000012",,,"True"
"TSTWLPT1000015",,,"True"
"AWSWAPPS1000020",,,"True"
"AZRWVIR1000015",,,"True"
"OGCWWKS1000024",,,"True"
"SECWAPPS1000017",,,"True"
"OGCWWEBS1000006",,,"True"
"OGCWWEBS1000007",,,"True"
"ESMWCTRX1000008",,,"True"
"AZRWAPPS1000023",,,"True"
"GOOWLPT1000013",,,"True"
"ITSWAPPS1000015",,,"True"
"OGCWCTRX1000007",,,"True"
"FINWLPT1000020",,,"True"
"OGCWLPT1000013",,,"True"
"TSTWCTRX1000012",,,"True"
"AWSWLPT1000012",,,"True"
"HREWWEBS1000007",,,"True"
"AZRWLPT1000013",,,"True"
"ESMWVIR1000011",,,"True"
"GOOWWEBS1000006",,,"True"
"HREWVIR1000019",,,"True"
"AZRWCTRX1000009",,,"True"
"OGCWDBAS1000013",,,"True"
"TSTWLPT1000016",,,"True"
"AWSWDBAS1000006",,,"True"
"BDEWLPT1000019",,,"True"
"FINWVIR1000017",,,"True"
"FSRWDBAS1000012",,,"True"
"AZRWDBAS1000005",,,"True"
"AZRWSECS1000012",,,"True"
"TSTWVIR1000014",,,"True"
"GOOWVIR1000019",,,"True"
"OGCWLPT1000014",,,"True"
"AZRWVIR1000016",,,"True"
"ITSWVIR1000013",,,"True"
"GOOWWKS1000024",,,"True"
"AZRWWKS1000011",,,"True"
"OGCWAPPS1000017",,,"True"
"GOOWWKS1000025",,,"True"
"BDEWAPPS1000014",,,"True"
"AWSWDBAS1000007",,,"True"
"BDEWDBAS1000011",,,"True"
"ESMWLPT1000018",,,"True"
"OGCWAPPS1000018",,,"True"
"ESMWLPT1000019",,,"True"
"BDEWLPT1000020",,,"True"
"HREWVIR1000020",,,"True"
"AWSWAPPS1000021",,,"True"
"ITSWAPPS1000016",,,"True"
"AWSWVIR1000015",,,"True"
"FSRWVIR1000028",,,"True"
"BDEWWKS1000014",,,"True"
"FSRWWEBS1000009",,,"True"
"AZRWDBAS1000006",,,"True"
"AZRWWKS1000012",,,"True"
"HREWAPPS1000023",,,"True"
"TSTWVIR1000015",,,"True"
"HREWCTRX1000011",,,"True"
"SECWWKS1000020",,,"True"
"GOOWAPPS1000023",,,"True"
"AWSWVIR1000016",,,"True"
"FSRWCTRX1000008",,,"True"
"AWSWVIR1000017",,,"True"
"FSRWVIR1000029",,,"True"
"BDEWLPT1000021",,,"True"
"ESMWVIR1000012",,,"True"
"OGCWSECS1000013",,,"True"
"FINWVIR1000018",,,"True"
"FSRWWKS1000019",,,"True"
"SECWCTRX1000004",,,"True"
"ESMWDBAS1000011",,,"True"
"ITSWWKS1000016",,,"True"
"AZRWWKS1000013",,,"True"
"TSTWWEBS1000007",,,"True"
"ESMWVIR1000013",,,"True"
"FINWWEBS1000005",,,"True"
"OGCWWEBS1000008",,,"True"
"TSTWWKS1000019",,,"True"
"FINWAPPS1000014",,,"True"
"BDEWLPT1000022",,,"True"
"GOOWWKS1000026",,,"True"
"TSTWCTRX1000013",,,"True"
"ITSWLPT1000013",,,"True"
"HREWSECS1000012",,,"True"
"FINWVIR1000019",,,"True"
"AWSWVIR1000018",,,"True"
"GOOWDBAS1000009",,,"True"
"ESMWDBAS1000012",,,"True"
"BDEWCTRX1000005",,,"True"
"ESMWAPPS1000019",,,"True"
"AZRWLPT1000014",,,"True"
"TSTWWKS1000020",,,"True"
"OGCWSECS1000014",,,"True"
"OGCWSECS1000015",,,"True"
"ESMWDBAS1000013",,,"True"
"AWSWAPPS1000022",,,"True"
"GOOWDBAS1000010",,,"True"
"FSRWVIR1000030",,,"True"
"OGCWDBAS1000014",,,"True"
"HREWLPT1000013",,,"True"
"FINWAPPS1000015",,,"True"
"TSTWVIR1000016",,,"True"
"FSRWWKS1000020",,,"True"
"ESMWVIR1000014",,,"True"
"ESMWCTRX1000009",,,"True"
"GOOWVIR1000020",,,"True"
"OGCWAPPS1000019",,,"True"
"GOOWLPT1000014",,,"True"
"BDEWAPPS1000015",,,"True"
"AZRWVIR1000017",,,"True"
"SECWDBAS1000009",,,"True"
"ESMWSECS1000004",,,"True"
"ESMWVIR1000015",,,"True"
"FINWDBAS1000008",,,"True"
"BDEWWKS1000015",,,"True"
"TSTWWEBS1000008",,,"True"
"AWSWVIR1000019",,,"True"
"AWSWWKS1000018",,,"True"
"TSTWLPT1000017",,,"True"
"TSTWCTRX1000014",,,"True"
"AZRWSECS1000013",,,"True"
"OGCWSECS1000016",,,"True"
"HREWLPT1000014",,,"True"
"AZRWWEBS1000005",,,"True"
"FINWSECS1000007",,,"True"
"FINWWEBS1000006",,,"True"
"GOOWVIR1000021",,,"True"
"ESMWLPT1000020",,,"True"
"AWSWVIR1000020",,,"True"
"AWSWAPPS1000023",,,"True"
"GOOWLPT1000015",,,"True"
"GOOWWKS1000027",,,"True"
"AWSWLPT1000013",,,"True"
"HREWVIR1000021",,,"True"
"OGCWAPPS1000020",,,"True"
"AZRWAPPS1000024",,,"True"
"TSTWAPPS1000006",,,"True"
"GOOWAPPS1000024",,,"True"
"SECWSECS1000008",,,"True"
"ESMWVIR1000016",,,"True"
"FSRWVIR1000031",,,"True"
"OGCWAPPS1000021",,,"True"
"GOOWLPT1000016",,,"True"
"FSRWCTRX1000009",,,"True"
"SECWVIR1000014",,,"True"
"BDEWCTRX1000006",,,"True"
"SECWWKS1000021",,,"True"
"FSRWSECS1000005",,,"True"
"OGCWAPPS1000022",,,"True"
"SECWAPPS1000018",,,"True"
"FSRWWEBS1000010",,,"True"
"FINWLPT1000021",,,"True"
"GOOWWKS1000028",,,"True"
"BDEWSECS1000009",,,"True"
"ITSWDBAS1000009",,,"True"
"SECWCTRX1000005",,,"True"
"OGCWLPT1000015",,,"True"
"SECWLPT1000016",,,"True"
"TSTWAPPS1000007",,,"True"
"AWSWWKS1000019",,,"True"
"AWSWWEBS1000005",,,"True"
"OGCWCTRX1000008",,,"True"
"ITSWDBAS1000010",,,"True"
"ITSWLPT1000014",,,"True"
"FSRWWKS1000021",,,"True"
"ESMWCTRX1000010",,,"True"
"OGCWVIR1000023",,,"True"
"ESMWAPPS1000020",,,"True"
"ITSWWKS1000017",,,"True"
"GOOWLPT1000017",,,"True"
"GOOWLPT1000018",,,"True"
"GOOWWKS1000029",,,"True"
"AWSWSECS1000013",,,"True"
"FINWLPT1000022",,,"True"
"FSRWVIR1000032",,,"True"
"ITSWAPPS1000017",,,"True"
"TSTWLPT1000018",,,"True"
"AWSWWKS1000020",,,"True"
"AZRWVIR1000018",,,"True"
"BDEWAPPS1000016",,,"True"
"FSRWWKS1000022",,,"True"
"OGCWLPT1000016",,,"True"
"FINWWKS1000015",,,"True"
"OGCWCTRX1000009",,,"True"
"AWSWSECS1000014",,,"True"
"HREWLPT1000015",,,"True"
"OGCWWEBS1000009",,,"True"
"HREWAPPS1000024",,,"True"
"BDEWAPPS1000017",,,"True"
"ITSWAPPS1000018",,,"True"
"ITSWCTRX1000012",,,"True"
"ITSWWKS1000018",,,"True"
"TSTWWKS1000021",,,"True"
"OGCWWKS1000025",,,"True"
"GOOWCTRX1000008",,,"True"
"TSTWLPT1000019",,,"True"
"TSTWLPT1000020",,,"True"
"TSTWWKS1000022",,,"True"
"TSTWVIR1000017",,,"True"
"ITSWVIR1000014",,,"True"
"SECWWKS1000022",,,"True"
"BDEWCTRX1000007",,,"True"
"ITSWWKS1000019",,,"True"
"SECWVIR1000015",,,"True"
"GOOWSECS1000011",,,"True"
"FSRWWEBS1000011",,,"True"
"AZRWAPPS1000025",,,"True"
"AWSWCTRX1000009",,,"True"
"FINWAPPS1000016",,,"True"
"SECWAPPS1000019",,,"True"
"AZRWDBAS1000007",,,"True"
"FSRWWEBS1000012",,,"True"
"GOOWWKS1000030",,,"True"
"AZRWVIR1000019",,,"True"
"AZRWLPT1000015",,,"True"
"ITSWCTRX1000013",,,"True"
"FINWDBAS1000009",,,"True"
"OGCWLPT1000017",,,"True"
"OGCWLPT1000018",,,"True"
"FINWLPT1000023",,,"True"
"TSTWLPT1000021",,,"True"
"BDEWSECS1000010",,,"True"
"ITSWWKS1000020",,,"True"
"ITSWDBAS1000011",,,"True"
"AWSWWEBS1000006",,,"True"
"AWSWVIR1000021",,,"True"
"TSTWVIR1000018",,,"True"
"GOOWWKS1000031",,,"True"
"AWSWWEBS1000007",,,"True"
"ESMWWKS1000022",,,"True"
"FSRWSECS1000006",,,"True"
"FINWVIR1000020",,,"True"
"ESMWAPPS1000021",,,"True"
"OGCWWEBS1000010",,,"True"
"GOOWVIR1000022",,,"True"
"ITSWAPPS1000019",,,"True"
"FINWLPT1000024",,,"True"
"HREWDBAS1000005",,,"True"
"AZRWAPPS1000026",,,"True"
"BDEWWEBS1000009",,,"True"
"FINWVIR1000021",,,"True"
"SECWCTRX1000006",,,"True"
"FINWWKS1000016",,,"True"
"HREWVIR1000022",,,"True"
"AWSWLPT1000014",,,"True"
"ITSWLPT1000015",,,"True"
"HREWCTRX1000012",,,"True"
"SECWAPPS1000020",,,"True"
"ITSWVIR1000015",,,"True"
"ESMWWKS1000023",,,"True"
"OGCWSECS1000017",,,"True"
"FSRWVIR1000033",,,"True"
"AWSWAPPS1000024",,,"True"
"SECWDBAS1000010",,,"True"
"FSRWAPPS1000021",,,"True"
"OGCWCTRX1000010",,,"True"
"ITSWVIR1000016",,,"True"
"FSRWVIR1000034",,,"True"
"TSTWAPPS1000008",,,"True"
"HREWVIR1000023",,,"True"
"AWSWAPPS1000025",,,"True"
"AZRWLPT1000016",,,"True"
"ESMWLPT1000021",,,"True"
"BDEWSECS1000011",,,"True"
"AZRWVIR1000020",,,"True"
"FINWWKS1000017",,,"True"
"SECWVIR1000016",,,"True"
"TSTWAPPS1000009",,,"True"
"HREWWKS1000014",,,"True"
"AWSWWKS1000021",,,"True"
"FINWCTRX1000017",,,"True"
"TSTWDBAS1000006",,,"True"
"GOOWVIR1000023",,,"True"
"FSRWLPT1000012",,,"True"
"AZRWWKS1000014",,,"True"
"OGCWLPT1000019",,,"True"
"AZRWWKS1000015",,,"True"
"FINWAPPS1000017",,,"True"
"OGCWWKS1000026",,,"True"
"BDEWAPPS1000018",,,"True"
"AZRWCTRX1000010",,,"True"
"ESMWWKS1000024",,,"True"
"ITSWWKS1000021",,,"True"
"BDEWWKS1000016",,,"True"
"BDEWWKS1000017",,,"True"
"AWSWLPT1000015",,,"True"
"FSRWLPT1000013",,,"True"
"AWSWVIR1000022",,,"True"
"BDEWAPPS1000019",,,"True"
"GOOWWKS1000032",,,"True"
"BDEWWEBS1000010",,,"True"
"FSRWWKS1000023",,,"True"
"FINWVIR1000022",,,"True"
"AWSWDBAS1000008",,,"True"
"SECWWKS1000023",,,"True"
"AZRWWEBS1000006",,,"True"
"SECWVIR1000017",,,"True"
"GOOWVIR1000024",,,"True"
"BDEWSECS1000012",,,"True"
"AZRWWEBS1000007",,,"True"
"FINWLPT1000025",,,"True"
"ESMWSECS1000005",,,"True"
"OGCWAPPS1000023",,,"True"
"BDEWLPT1000023",,,"True"
"AWSWWKS1000022",,,"True"
"TSTWSECS1000007",,,"True"
"SECWVIR1000018",,,"True"
"OGCWLPT1000020",,,"True"
"HREWWEBS1000008",,,"True"
"OGCWWKS1000027",,,"True"
"FSRWAPPS1000022",,,"True"
"HREWVIR1000024",,,"True"
"TSTWCTRX1000015",,,"True"
"AWSWSECS1000015",,,"True"
"OGCWWEBS1000011",,,"True"
"AZRWSECS1000014",,,"True"
"AWSWWEBS1000008",,,"True"
"ESMWSECS1000006",,,"True"
"FSRWCTRX1000010",,,"True"
"AZRWWKS1000016",,,"True"
"FSRWVIR1000035",,,"True"
"OGCWLPT1000021",,,"True"
"ITSWWKS1000022",,,"True"
"SECWAPPS1000021",,,"True"
"GOOWAPPS1000025",,,"True"
"TSTWAPPS1000010",,,"True"
"AWSWSECS1000016",,,"True"
"AWSWAPPS1000026",,,"True"
"SECWVIR1000019",,,"True"
"ITSWAPPS1000020",,,"True"
"FINWVIR1000023",,,"True"
"AWSWLPT1000016",,,"True"
"AWSWWEBS1000009",,,"True"
"FSRWCTRX1000011",,,"True"
"FINWLPT1000026",,,"True"
"HREWVIR1000025",,,"True"
"AZRWLPT1000017",,,"True"
"TSTWVIR1000019",,,"True"
"AZRWCTRX1000011",,,"True"
"HREWAPPS1000025",,,"True"
"OGCWVIR1000024",,,"True"
"SECWSECS1000009",,,"True"
"HREWSECS1000013",,,"True"
"ESMWLPT1000022",,,"True"
"AZRWVIR1000021",,,"True"
"ITSWAPPS1000021",,,"True"
"AWSWLPT1000017",,,"True"
"ESMWAPPS1000022",,,"True"
"BDEWWKS1000018",,,"True"
"SECWVIR1000020",,,"True"
"FSRWAPPS1000023",,,"True"
"TSTWAPPS1000011",,,"True"
"OGCWAPPS1000024",,,"True"
"BDEWWKS1000019",,,"True"
"OGCWAPPS1000025",,,"True"
"BDEWWEBS1000011",,,"True"
"BDEWWEBS1000012",,,"True"
"FSRWWKS1000024",,,"True"
"ESMWSECS1000007",,,"True"
"TSTWWEBS1000009",,,"True"
"AWSWLPT1000018",,,"True"
"FSRWCTRX1000012",,,"True"
"AWSWAPPS1000027",,,"True"
"AWSWVIR1000023",,,"True"
"AWSWLPT1000019",,,"True"
"SECWVIR1000021",,,"True"
"TSTWVIR1000020",,,"True"
"AWSWAPPS1000028",,,"True"
"FINWWEBS1000007",,,"True"
"OGCWWKS1000028",,,"True"
"FSRWWKS1000025",,,"True"
"ESMWWEBS1000009",,,"True"
"AZRWSECS1000015",,,"True"
"SECWWKS1000024",,,"True"
"ESMWAPPS1000023",,,"True"
"AWSWWKS1000023",,,"True"
"FINWDBAS1000010",,,"True"
"OGCWWKS1000029",,,"True"
"ESMWVIR1000017",,,"True"
"ITSWDBAS1000012",,,"True"
"AZRWCTRX1000012",,,"True"
"GOOWWKS1000033",,,"True"
"AZRWAPPS1000027",,,"True"
"SECWAPPS1000022",,,"True"
"TSTWDBAS1000007",,,"True"
"AWSWCTRX1000010",,,"True"
"SECWCTRX1000007",,,"True"
"ESMWVIR1000018",,,"True"
"AWSWVIR1000024",,,"True"
"AZRWWKS1000017",,,"True"
"SECWDBAS1000011",,,"True"
"AZRWWEBS1000008",,,"True"
"AZRWWEBS1000009",,,"True"
"HREWWKS1000015",,,"True"
"AZRWAPPS1000028",,,"True"
"GOOWVIR1000025",,,"True"
"ITSWAPPS1000022",,,"True"
"OGCWSECS1000018",,,"True"
"SECWAPPS1000023",,,"True"
"AZRWDBAS1000008",,,"True"
"ITSWDBAS1000013",,,"True"
"OGCWCTRX1000011",,,"True"
"FSRWLPT1000014",,,"True"
"AWSWCTRX1000011",,,"True"
"ITSWWEBS1000006",,,"True"
"OGCWWKS1000030",,,"True"
"OGCWAPPS1000026",,,"True"
"FINWWEBS1000008",,,"True"
"AWSWVIR1000025",,,"True"
"ESMWWKS1000025",,,"True"
"ITSWWKS1000023",,,"True"
"ITSWVIR1000017",,,"True"
"SECWDBAS1000012",,,"True"
"ESMWCTRX1000011",,,"True"
"HREWLPT1000016",,,"True"
"GOOWLPT1000019",,,"True"
"ESMWSECS1000008",,,"True"
"FINWWEBS1000009",,,"True"
"HREWWEBS1000009",,,"True"
"FSRWLPT1000015",,,"True"
"AWSWLPT1000020",,,"True"
"BDEWVIR1000008",,,"True"
"ITSWLPT1000016",,,"True"
"ESMWAPPS1000024",,,"True"
"FSRWSECS1000007",,,"True"
"HREWWKS1000016",,,"True"
"HREWAPPS1000026",,,"True"
"HREWLPT1000017",,,"True"
"ITSWDBAS1000014",,,"True"
"SECWVIR1000022",,,"True"
"FINWWEBS1000010",,,"True"
"SECWWKS1000025",,,"True"
"FINWAPPS1000018",,,"True"
"TSTWAPPS1000012",,,"True"
"TSTWVIR1000021",,,"True"
"FINWCTRX1000018",,,"True"
"HREWAPPS1000027",,,"True"
"GOOWAPPS1000026",,,"True"
"ITSWWKS1000024",,,"True"
"TSTWWEBS1000010",,,"True"
"AWSWVIR1000026",,,"True"
"OGCWVIR1000025",,,"True"
"GOOWWKS1000034",,,"True"
"AWSWCTRX1000012",,,"True"
"TSTWWKS1000023",,,"True"
"AZRWWEBS1000010",,,"True"
"SECWLPT1000017",,,"True"
"HREWSECS1000014",,,"True"
"AZRWCTRX1000013",,,"True"
"AZRWDBAS1000009",,,"True"
"BDEWAPPS1000020",,,"True"
"FSRWWKS1000026",,,"True"
"GOOWAPPS1000027",,,"True"
"GOOWAPPS1000028",,,"True"
"ITSWLPT1000017",,,"True"
"HREWLPT1000018",,,"True"
"GOOWCTRX1000009",,,"True"
"OGCWVIR1000026",,,"True"
"FSRWWKS1000027",,,"True"
"GOOWAPPS1000029",,,"True"
"GOOWWKS1000035",,,"True"
"HREWAPPS1000028",,,"True"
"SECWVIR1000023",,,"True"
"BDEWAPPS1000021",,,"True"
"TSTWWKS1000024",,,"True"
"SECWVIR1000024",,,"True"
"ESMWDBAS1000014",,,"True"
"AZRWAPPS1000029",,,"True"
"OGCWWKS1000031",,,"True"
"SECWLPT1000018",,,"True"
"BDEWSECS1000013",,,"True"
"BDEWWKS1000020",,,"True"
"SECWSECS1000010",,,"True"
"FINWVIR1000024",,,"True"
"ESMWVIR1000019",,,"True"
"HREWAPPS1000029",,,"True"
"AZRWAPPS1000030",,,"True"
"HREWVIR1000026",,,"True"
"ESMWSECS1000009",,,"True"
"FSRWAPPS1000024",,,"True"
"FSRWLPT1000016",,,"True"
"TSTWVIR1000022",,,"True"
"AWSWLPT1000021",,,"True"
"SECWWEBS1000010",,,"True"
"ITSWLPT1000018",,,"True"
"SECWVIR1000025",,,"True"
"TSTWWKS1000025",,,"True"
"HREWAPPS1000030",,,"True"
"HREWLPT1000019",,,"True"
"ITSWVIR1000018",,,"True"
"ITSWWKS1000025",,,"True"
"AWSWLPT1000022",,,"True"
"HREWAPPS1000031",,,"True"
"GOOWAPPS1000030",,,"True"
"BDEWLPT1000024",,,"True"
"ESMWAPPS1000025",,,"True"
"FSRWWKS1000028",,,"True"
"OGCWWKS1000032",,,"True"
"HREWCTRX1000013",,,"True"
"FSRWCTRX1000013",,,"True"
"TSTWVIR1000023",,,"True"
"ITSWAPPS1000023",,,"True"
"TSTWDBAS1000008",,,"True"
"AZRWVIR1000022",,,"True"
"GOOWAPPS1000031",,,"True"
"GOOWWEBS1000007",,,"True"
"AWSWSECS1000017",,,"True"
"BDEWLPT1000025",,,"True"
"FINWWKS1000018",,,"True"
"GOOWVIR1000026",,,"True"
"BDEWLPT1000026",,,"True"
"SECWAPPS1000024",,,"True"
"FSRWVIR1000036",,,"True"
"SECWAPPS1000025",,,"True"
"HREWVIR1000027",,,"True"
"AWSWSECS1000018",,,"True"
"AZRWLPT1000018",,,"True"
"AWSWSECS1000019",,,"True"
"FINWAPPS1000019",,,"True"
"TSTWVIR1000024",,,"True"
"FINWLPT1000027",,,"True"
"ESMWCTRX1000012",,,"True"
"FSRWWKS1000029",,,"True"
"ITSWAPPS1000024",,,"True"
"BDEWDBAS1000012",,,"True"
"AWSWWKS1000024",,,"True"
"ESMWAPPS1000026",,,"True"
"OGCWVIR1000027",,,"True"
"OGCWVIR1000028",,,"True"
"AZRWLPT1000019",,,"True"
"GOOWCTRX1000010",,,"True"
"ITSWVIR1000019",,,"True"
"GOOWLPT1000020",,,"True"
"AWSWSECS1000020",,,"True"
"TSTWAPPS1000013",,,"True"
"FSRWWEBS1000013",,,"True"
"AWSWCTRX1000013",,,"True"
"OGCWAPPS1000027",,,"True"
"BDEWSECS1000014",,,"True"
"HREWVIR1000028",,,"True"
"HREWAPPS1000032",,,"True"
"ESMWWEBS1000010",,,"True"
"ITSWCTRX1000014",,,"True"
"FSRWDBAS1000013",,,"True"
"OGCWDBAS1000015",,,"True"
"SECWWEBS1000011",,,"True"
"ESMWLPT1000023",,,"True"
"SECWWEBS1000012",,,"True"
"FINWAPPS1000020",,,"True"
"ESMWAPPS1000027",,,"True"
"FINWWKS1000019",,,"True"
"ITSWAPPS1000025",,,"True"
"ESMWWEBS1000011",,,"True"
"ITSWVIR1000020",,,"True"
"HREWWKS1000017",,,"True"
"TSTWDBAS1000009",,,"True"
"SECWDBAS1000013",,,"True"
"AWSWLPT1000023",,,"True"
"FSRWDBAS1000014",,,"True"
"FINWVIR1000025",,,"True"
"FINWWKS1000020",,,"True"
"BDEWWEBS1000013",,,"True"
"HREWDBAS1000006",,,"True"
"FSRWWEBS1000014",,,"True"
"FSRWWEBS1000015",,,"True"
"AZRWVIR1000023",,,"True"
"SECWWKS1000026",,,"True"
"AZRWCTRX1000014",,,"True"
"GOOWAPPS1000032",,,"True"
"GOOWWKS1000036",,,"True"
"ITSWAPPS1000026",,,"True"
"AWSWDBAS1000009",,,"True"
"AWSWAPPS1000029",,,"True"
"TSTWLPT1000022",,,"True"
"OGCWDBAS1000016",,,"True"
"GOOWLPT1000021",,,"True"
"GOOWCTRX1000011",,,"True"
"TSTWVIR1000025",,,"True"
"GOOWWEBS1000008",,,"True"
"TSTWWKS1000026",,,"True"
"ESMWWKS1000026",,,"True"
"OGCWDBAS1000017",,,"True"
"HREWVIR1000029",,,"True"
"TSTWWEBS1000011",,,"True"
"AZRWLPT1000020",,,"True"
"GOOWDBAS1000011",,,"True"
"AZRWLPT1000021",,,"True"
"GOOWSECS1000012",,,"True"
"ITSWWKS1000026",,,"True"
"ITSWSECS1000005",,,"True"
"AZRWAPPS1000031",,,"True"
"AZRWWKS1000018",,,"True"
"HREWVIR1000030",,,"True"
"AZRWWKS1000019",,,"True"
"ESMWVIR1000020",,,"True"
"AWSWLPT1000024",,,"True"
"AZRWLPT1000022",,,"True"
"BDEWVIR1000009",,,"True"
"GOOWAPPS1000033",,,"True"
"BDEWCTRX1000008",,,"True"
"AWSWLPT1000025",,,"True"
"FSRWLPT1000017",,,"True"
"HREWSECS1000015",,,"True"
"TSTWAPPS1000014",,,"True"
"AZRWVIR1000024",,,"True"
"ESMWAPPS1000028",,,"True"
"FINWDBAS1000011",,,"True"
"AZRWLPT1000023",,,"True"
"HREWWKS1000018",,,"True"
"HREWLPT1000020",,,"True"
"TSTWLPT1000023",,,"True"
"TSTWAPPS1000015",,,"True"
"AZRWWKS1000020",,,"True"
"AZRWCTRX1000015",,,"True"
"FSRWLPT1000018",,,"True"
"AZRWLPT1000024",,,"True"
"ITSWVIR1000021",,,"True"
"ESMWWKS1000027",,,"True"
"ESMWLPT1000024",,,"True"
"OGCWWKS1000033",,,"True"
"AWSWWEBS1000010",,,"True"
"AWSWDBAS1000010",,,"True"
"TSTWCTRX1000016",,,"True"
"TSTWCTRX1000017",,,"True"
"BDEWVIR1000010",,,"True"
"GOOWLPT1000022",,,"True"
"SECWLPT1000019",,,"True"
"BDEWLPT1000027",,,"True"
"HREWVIR1000031",,,"True"
"AWSWWKS1000025",,,"True"
"AWSWAPPS1000030",,,"True"
"ESMWLPT1000025",,,"True"
"BDEWLPT1000028",,,"True"
"OGCWWKS1000034",,,"True"
"FSRWAPPS1000025",,,"True"
"SECWWKS1000027",,,"True"
"SECWCTRX1000008",,,"True"
"AZRWCTRX1000016",,,"True"
"BDEWDBAS1000013",,,"True"
"ITSWDBAS1000015",,,"True"
"HREWWKS1000019",,,"True"
"AZRWCTRX1000017",,,"True"
"FSRWVIR1000037",,,"True"
"ESMWSECS1000010",,,"True"
"OGCWAPPS1000028",,,"True"
"ESMWWEBS1000012",,,"True"
"BDEWWKS1000021",,,"True"
"AZRWWEBS1000011",,,"True"
"BDEWWKS1000022",,,"True"
"TSTWWKS1000027",,,"True"
"HREWCTRX1000014",,,"True"
"SECWWEBS1000013",,,"True"
"FINWWKS1000021",,,"True"
"BDEWLPT1000029",,,"True"
"TSTWDBAS1000010",,,"True"
"GOOWLPT1000023",,,"True"
"ITSWAPPS1000027",,,"True"
"HREWVIR1000032",,,"True"
"BDEWLPT1000030",,,"True"
"HREWWKS1000020",,,"True"
"ITSWLPT1000019",,,"True"
"ITSWSECS1000006",,,"True"
"ESMWLPT1000026",,,"True"
"ESMWAPPS1000029",,,"True"
"OGCWWKS1000035",,,"True"
"ITSWAPPS1000028",,,"True"
"HREWDBAS1000007",,,"True"
"AWSWSECS1000021",,,"True"
"BDEWWEBS1000014",,,"True"
"FINWCTRX1000019",,,"True"
"FSRWAPPS1000026",,,"True"
"AZRWDBAS1000010",,,"True"
"ITSWWKS1000027",,,"True"
"FINWWEBS1000011",,,"True"
"OGCWCTRX1000012",,,"True"
"ESMWAPPS1000030",,,"True"
"BDEWLPT1000031",,,"True"
"SECWAPPS1000026",,,"True"
"BDEWWKS1000023",,,"True"
"OGCWSECS1000019",,,"True"
"AZRWDBAS1000011",,,"True"
"ITSWLPT1000020",,,"True"
"HREWWKS1000021",,,"True"
"AWSWAPPS1000031",,,"True"
"FINWWKS1000022",,,"True"
"OGCWWKS1000036",,,"True"
"TSTWVIR1000026",,,"True"
"GOOWLPT1000024",,,"True"
"HREWSECS1000016",,,"True"
"AWSWDBAS1000011",,,"True"
"ESMWVIR1000021",,,"True"
"ITSWDBAS1000016",,,"True"
"HREWVIR1000033",,,"True"
"HREWLPT1000021",,,"True"
"ITSWWKS1000028",,,"True"
"HREWLPT1000022",,,"True"
"GOOWLPT1000025",,,"True"
"ESMWAPPS1000031",,,"True"
"SECWLPT1000020",,,"True"
"OGCWLPT1000022",,,"True"
"GOOWLPT1000026",,,"True"
"ESMWLPT1000027",,,"True"
"SECWWKS1000028",,,"True"
"BDEWCTRX1000009",,,"True"
"OGCWLPT1000023",,,"True"
"GOOWWKS1000037",,,"True"
"ESMWAPPS1000032",,,"True"
"ITSWCTRX1000015",,,"True"
"GOOWSECS1000013",,,"True"
"HREWWKS1000022",,,"True"
"ESMWWEBS1000013",,,"True"
"TSTWVIR1000027",,,"True"
"HREWVIR1000034",,,"True"
"GOOWAPPS1000034",,,"True"
"AZRWAPPS1000032",,,"True"
"OGCWSECS1000020",,,"True"
"AWSWVIR1000027",,,"True"
"GOOWVIR1000027",,,"True"
"BDEWWKS1000024",,,"True"
"ESMWWKS1000028",,,"True"
"OGCWLPT1000024",,,"True"
"TSTWWKS1000028",,,"True"
"TSTWCTRX1000018",,,"True"
"FSRWLPT1000019",,,"True"
"TSTWAPPS1000016",,,"True"
"ITSWWKS1000029",,,"True"
"ITSWAPPS1000029",,,"True"
"OGCWWKS1000037",,,"True"
"OGCWAPPS1000029",,,"True"
"AZRWWEBS1000012",,,"True"
"AZRWVIR1000025",,,"True"
"GOOWSECS1000014",,,"True"
"ITSWLPT1000021",,,"True"
"OGCWAPPS1000030",,,"True"
"GOOWCTRX1000012",,,"True"
"SECWWKS1000029",,,"True"
"FINWWKS1000023",,,"True"
"GOOWSECS1000015",,,"True"
"OGCWLPT1000025",,,"True"
"SECWSECS1000011",,,"True"
"HREWCTRX1000015",,,"True"
"AWSWAPPS1000032",,,"True"
"TSTWAPPS1000017",,,"True"
"AWSWDBAS1000012",,,"True"
"FSRWCTRX1000014",,,"True"
"OGCWSECS1000021",,,"True"
"AZRWVIR1000026",,,"True"
"FINWSECS1000008",,,"True"
"FSRWWKS1000030",,,"True"
"TSTWWKS1000029",,,"True"
"SECWWEBS1000014",,,"True"
"SECWSECS1000012",,,"True"
"GOOWAPPS1000035",,,"True"
"SECWAPPS1000027",,,"True"
"TSTWDBAS1000011",,,"True"
"ITSWAPPS1000030",,,"True"
"ITSWAPPS1000031",,,"True"
"TSTWAPPS1000018",,,"True"
"FSRWLPT1000020",,,"True"
"AWSWVIR1000028",,,"True"
"TSTWLPT1000024",,,"True"
"AZRWCTRX1000018",,,"True"
"AZRWSECS1000016",,,"True"
"TSTWCTRX1000019",,,"True"
"ITSWLPT1000022",,,"True"
"OGCWVIR1000029",,,"True"
"ITSWWKS1000030",,,"True"
"ITSWWKS1000031",,,"True"
"SECWAPPS1000028",,,"True"
"GOOWAPPS1000036",,,"True"
"AZRWAPPS1000033",,,"True"
"AWSWDBAS1000013",,,"True"
"AZRWWKS1000021",,,"True"
"ITSWVIR1000022",,,"True"
"AZRWDBAS1000012",,,"True"
"AWSWLPT1000026",,,"True"
"FSRWVIR1000038",,,"True"
"SECWWKS1000030",,,"True"
"BDEWAPPS1000022",,,"True"
"FINWAPPS1000021",,,"True"
"ITSWVIR1000023",,,"True"
"FINWCTRX1000020",,,"True"
"AWSWAPPS1000033",,,"True"
"OGCWWKS1000038",,,"True"
"BDEWWKS1000025",,,"True"
"BDEWWKS1000026",,,"True"
"OGCWCTRX1000013",,,"True"
"BDEWLPT1000032",,,"True"
"OGCWVIR1000030",,,"True"
"TSTWLPT1000025",,,"True"
"ESMWLPT1000028",,,"True"
"SECWVIR1000026",,,"True"
"FINWCTRX1000021",,,"True"
"ITSWVIR1000024",,,"True"
"DESKTOP-F1B68BI","Windows 11 Pro","5/28/2025 12:57:22 PM","True"
"DESKTOP-0LJOLGF","Windows 11 Pro","5/28/2025 2:58:07 PM","True"
