"DistinguishedName","PasswordPolicyDistinguishedName","MaxAge","MinAge","MinLength","ComplexityEnabled","History","Ignored"
"CN=Administrator,CN=Users,DC=pepito,DC=local","DC=pepito,DC=local","42","1","4","False","24","False"
"CN=RHODA_GILLIAM,OU=ServiceAccounts,OU=ESM,OU=Stage,DC=pepito,DC=local","DC=pepito,DC=local","42","1","4","False","24","False"
"CN=BRENDAN_STEVENSON,OU=Groups,OU=BDE,OU=Stage,DC=pepito,DC=local","DC=pepito,DC=local","42","1","4","False","24","False"
"CN=CATHRYN_DELANEY,OU=Devices,OU=GOO,OU=Stage,DC=pepito,DC=local","DC=pepito,DC=local","42","1","4","False","24","False"
"CN=NIKKI_MALDONADO,OU=ServiceAccounts,OU=FSR,OU=Stage,DC=pepito,DC=local","DC=pepito,DC=local","42","1","4","False","24","False"
"CN=Lilian Alvera,CN=Users,DC=pepito,DC=local","DC=pepito,DC=local","42","1","4","False","24","False"
"CN=EVANGELINA_POPE,OU=Devices,OU=HRE,OU=Stage,DC=pepito,DC=local","DC=pepito,DC=local","42","1","4","False","24","False"
"CN=MYLES_NOLAN,OU=ServiceAccounts,OU=ITS,OU=Stage,DC=pepito,DC=local","DC=pepito,DC=local","42","1","4","False","24","False"
"CN=BRAIN_BENNETT,OU=Test,OU=AWS,OU=Stage,DC=pepito,DC=local","DC=pepito,DC=local","42","1","4","False","24","False"
"CN=TERRENCE_SANTANA,OU=Tier 0,OU=Admin,DC=pepito,DC=local","DC=pepito,DC=local","42","1","4","False","24","False"
"CN=NORBERTO_JACOBSON,OU=Groups,OU=ESM,OU=Stage,DC=pepito,DC=local","DC=pepito,DC=local","42","1","4","False","24","False"
"CN=DELIA_PATTON,OU=Groups,OU=FIN,OU=Stage,DC=pepito,DC=local","DC=pepito,DC=local","42","1","4","False","24","False"
"CN=NOEMI_SPARKS,OU=Groups,OU=AZR,OU=Stage,DC=pepito,DC=local","DC=pepito,DC=local","42","1","4","False","24","False"
"CN=EDGAR_PAGE,OU=Tier 2,OU=Admin,DC=pepito,DC=local","DC=pepito,DC=local","42","1","4","False","24","False"
"CN=GARRETT_RANDALL,OU=Grouper-Groups,DC=pepito,DC=local","DC=pepito,DC=local","42","1","4","False","24","False"
"CN=BRANDON_SHEPARD,OU=Devices,OU=ITS,OU=Stage,DC=pepito,DC=local","DC=pepito,DC=local","42","1","4","False","24","False"
"CN=HELENE_AGUILAR,OU=T1-Permissions,OU=Tier 1,OU=Admin,DC=pepito,DC=local","DC=pepito,DC=local","42","1","4","False","24","False"
"CN=STEWART_JONES,OU=TST,OU=People,DC=pepito,DC=local","DC=pepito,DC=local","42","1","4","False","24","False"
"CN=FLORENCE_WALTERS,OU=.SecFrame.com,DC=pepito,DC=local","DC=pepito,DC=local","42","1","4","False","24","False"
"CN=Susi Katheryn,CN=Users,DC=pepito,DC=local","DC=pepito,DC=local","42","1","4","False","24","False"
"CN=EDWARD_MURPHY,OU=ServiceAccounts,OU=FSR,OU=Stage,DC=pepito,DC=local","DC=pepito,DC=local","42","1","4","False","24","False"
"CN=SEAN_FOSTER,OU=ServiceAccounts,OU=ITS,OU=Stage,DC=pepito,DC=local","DC=pepito,DC=local","42","1","4","False","24","False"
"CN=HELGA_MCMAHON,OU=Devices,OU=OGC,OU=Stage,DC=pepito,DC=local","DC=pepito,DC=local","42","1","4","False","24","False"
